{
    "accuracy": 0.9883040935672515,
    "precision": 0.9906542056074766,
    "recall": 0.9906542056074766
}